{
    "msgs": [
      {
        "nome": "Teste",
        "texto": "Adorei a receita",
        "id": 1,
        "receitaID": 1
      },
      {
        "nome": "Gabriel",
        "texto": "Não gostei",
        "id": 2,
        "receitaID": 1
      },
      {
        "nome": "Matheus de Almeida",
        "texto": "Nao gostei",
        "id": 3,
        "receitaID": 1
      },
      {
        "nome": "Luisa",
        "texto": "Não gostei",
        "id": 4,
        "receitaID": 1
      },
      {
        "nome": "Soraya",
        "texto": "Esperava mais",
        "id": 27,
        "receitaID": 1
      },
      {
        "nome": "Gustavo",
        "texto": "Os ingredientes estão fora do meu orçamento",
        "id": 5,
        "receitaID": 1
      }
    ]
  }